sample,n_cells,n_genes,n_metacells,compression_ratio,kmeans_time_sec,mean_loglik_kmeans,mean_loglik_cellstates,ari_vs_cellstates,nmi_vs_cellstates,bootstrap_cophenetic_log1p_mean,bootstrap_cophenetic_log1p_sd,bootstrap_cophenetic_clr_mean,bootstrap_cophenetic_clr_sd,pseudobulk_rows
RNAmatrix_Hajk_S01,300.0,3000.0,60.0,5.0,0.014618417000747286,-5958.788755981863,-5711.081132511577,0.07595474512589698,0.5121338371445788,0.8312483159015455,0.021938727982950865,0.7979550366326208,0.027588690817892825,60.0
RNAmatrix_Hajk_S02,300.0,3000.0,60.0,5.0,0.008945749999838881,-3886.8925644858855,-3556.536054341433,-0.00022371121825292946,0.32863961044323453,0.7584383907291833,0.08177471364189873,0.7670951913593528,0.02447953533628128,60.0
RNAmatrix_Hajk_S03,300.0,3000.0,60.0,5.0,0.013700916999368928,-6355.6542132033455,-6107.984649027621,0.026701462974013428,0.4499032111223659,0.7486023111474759,0.022532699454380568,0.760279799914089,0.025709812377062394,60.0
RNAmatrix_Hajk_S04,300.0,3000.0,60.0,5.0,0.008365041998331435,-5678.337565547798,-5135.534800948333,-0.0002118021547218672,0.4498320660486922,0.7973150029077102,0.04841497937669331,0.6532918255528047,0.1056906360272453,60.0
RNAmatrix_Hajk_S05,300.0,3000.0,60.0,5.0,0.019492000006721355,-6806.207838735038,,,,0.6760703658819341,0.0635975118806894,0.6987066092549119,0.06593214523407054,60.0
RNAmatrix_HtanZ_S59,300.0,3000.0,60.0,5.0,0.011961458993027918,-3228.8678094502725,,,,0.6182293201931239,0.02318066289684188,0.525262193826706,0.015620423063731457,60.0
RNAmatrix_HtanZ_S60,300.0,3000.0,60.0,5.0,0.007120916998246685,-2671.614912547112,,,,0.7719593494297959,0.04053498867228074,0.713834401280145,0.022506159255742255,60.0
RNAmatrix_HtanZ_S61,300.0,3000.0,60.0,5.0,0.007490292002330534,-3563.7586251923176,,,,0.43058922235333724,0.05827233773467257,0.3837925411601583,0.056436272835531355,60.0
